
{
  "$schema": "https://schema.management.azure.com/schemas/2015-01-01/deploymentTemplate.json#",
  "contentVersion": "1.0.0.0",
  "parameters": {
    "location": {
      "type": "string",
      "metadata": {
        "description": "location - same as above"
      }
    },
    "adminUsername": {
      "type": "string",
      "metadata": {
        "description": "Username for the FortiGate virtual appliance."
      }
    },
    "adminPassword": {
      "type": "securestring",
      "metadata": {
        "description": "Password for the FortiGate virtual appliance."
      }
    },
    "FortiGateName": {
      "type": "string",
      "metadata": {
        "description": "Name for FortiGate virtual appliance."
      }
    },
    "FortiGateImageSKU": {
      "type": "string",
      "defaultValue": "fortinet_fg-vm_payg",
      "allowedValues": [
        "fortinet_fg-vm",
        "fortinet_fg-vm_payg"
      ],
      "metadata": {
        "description": "Identifies whether to to use PAYG (on demand licensing) or BYOL license model (where license is purchased separately)"
      }
    },
    "FortiGateImageVersion": {
      "type": "string",
      "defaultValue": "latest",
      "allowedValues": [
        "5.6.6",
        "6.0.3",
        "6.0.4",
        "latest"
      ],
      "metadata": {
        "description": "Select image version."
      }
    },
    "instanceType": {
      "type": "string",
      "defaultValue": "Standard_F4",
      "metadata": {
        "description": "Virtual Machine size selection"
      }
    },
    "publicIPNewOrExistingOrNone": {
      "type": "string",
      "defaultValue": "new",
      "allowedValues": [
        "new",
        "existing",
        "none"
      ],
      "metadata": {
        "description": "Identify whether to use a public IP and if so whether it is new or previously created"
      }
    },
    "publicIPAddressName": {
      "type": "string",
      "defaultValue": "PublicIPNameHere",
      "metadata": {
        "description": "Name of Public IP address resource."
      }
    },
    "publicIPResourceGroup": {
      "type": "string",
      "defaultValue": "PublicIPResourceGroupHere",
      "metadata": {
        "description": "Resource Group containing the public IP - or new resource group from above (if new public IP)"
      }
    },
    "vnetNewOrExisting": {
      "type": "string",
      "defaultValue": "new",
      "allowedValues": [
        "new",
        "existing"
      ],
      "metadata": {
        "description": "Identify whether to use a new or existing vnet"
      }
    },
    "vnetName": {
      "type": "string",
      "metadata": {
        "description": "Name of the Azure virtual network."
      }
    },
    "vnetResourceGroup": {
      "type": "string",
      "defaultValue": "",
      "metadata": {
        "description": "Resource Group containing the virtual network - or new resource group from above (if new vnet)"
      }
    },
    "vnetAddressPrefix": {
      "type": "string",
      "defaultValue": "10.0.0.0/16",
      "metadata": {
        "description": "Virtual network address space in CIDR notation, example: 10.2.0.0/16"
      }
    },
    "Subnet1Name": {
      "type": "string",
      "defaultValue": "sub1",
      "metadata": {
        "description": "Subnet 1 Name"
      }
    },
    "Subnet1Prefix": {
      "type": "string",
      "defaultValue": "10.0.1.0/24",
      "metadata": {
        "description": "Subnet 1 Prefix in CIDR notation (if using public IP, this will be the 'WAN' or external port), example: 10.2.1.0/24"
      }
    },
    "Subnet2Name": {
      "type": "string",
      "defaultValue": "sub2",
      "metadata": {
        "description": "Subnet 2 Name"
      }
    },
    "Subnet2Prefix": {
      "type": "string",
      "defaultValue": "10.0.2.0/24",
      "metadata": {
        "description": "Subnet 2 Prefix in CIDR notation (if using public IP, this will be the 'WAN' or external port), example: 10.2.2.0/24"
      }
    },
    "FortinetTags": {
      "type": "object",
      "defaultValue": {
        "provider": "6EB3B02F-50E5-4A3E-8CB8-2E129258317D"
      }
    },
    "ArtifactsBaseURI": {
      "type": "string",
      "defaultValue": "[deployment().properties.templateLink.uri]",
      "metadata": {
        "description": "Base URL of the solution template gallery package",
        "artifactsBaseUrl": ""
      }
    }
  },
  "variables": {
    "subnet1Ref": "[resourceId(parameters('vnetResourceGroup'),'Microsoft.Network/virtualNetworks/subnets', parameters('vnetName'), parameters('Subnet1Name'))]",
    "subnet2Ref": "[resourceId(parameters('vnetResourceGroup'),'Microsoft.Network/virtualNetworks/subnets', parameters('vnetName'), parameters('Subnet2Name'))]",
    
    "publicIPID": "[resourceId(parameters('publicIPResourceGroup'), 'Microsoft.Network/publicIPAddresses', parameters('publicIPAddressName'))]",

    "routeTable1Name": "[concat(parameters('FortiGateName'), '-', parameters('Subnet1Name'),'-routes-',uniquestring(deployment().name))]",
    "routeTable2Name": "[concat(parameters('FortiGateName'), '-', parameters('Subnet2Name'),'-routes-',uniquestring(deployment().name))]",

    "network_NIC_fg11_Name": "[concat(parameters('FortiGateName'),'-Nic0-',uniquestring(deployment().name))]",
    "network_NIC_fg11_Id": "[resourceId('Microsoft.Network/networkInterfaces',variables('network_NIC_fg11_Name'))]",
    "network_NIC_fg12_Name": "[concat(parameters('FortiGateName'),'-Nic1-',uniquestring(deployment().name))]",
    "network_NIC_fg12_Id": "[resourceId('Microsoft.Network/networkInterfaces',variables('network_NIC_fg12_Name'))]",

    "compute_AvailabilitySet_FG_Name": "[concat(parameters('FortiGateName'),'-AvailabilitySet-',uniquestring(deployment().name))]",
    "compute_AvailabilitySet_FG_Id": "[resourceId('Microsoft.Compute/availabilitySets', variables('compute_AvailabilitySet_FG_Name'))]",

    "vmIPArray": "[split(parameters('Subnet2Prefix'),'.')]",
    "vmIPArray2String": "[string(variables('vmIPArray')[3])]",
    "vmIPArray2": "[split(variables('vmIPArray2String'),'/')]",
    "newIPArray3": "[string(add(int(variables('vmIPArray2')[0]),1))]",
    "newIPArray2": "[string(int(variables('vmIPArray')[2]))]",
    "newIPArray1": "[string(int(variables('vmIPArray')[1]))]",
    "newIPArray0": "[string(int(variables('vmIPArray')[0]))]",
    "GatewayIP": "[concat(variables('newIPArray0'),'.',variables('newIPArray1'),'.',variables('newIPArray2'),'.',variables('newIPArray3'))]",
    "updateIPURI": "[concat(parameters('ArtifactsBaseURI'),'/update-nic.json')]",
    "virtualNetworkSetupURL": "[concat(parameters('ArtifactsBaseURI'),'/vnetsetup.json')]"

  },
  "resources": [
    {
      "apiVersion": "2018-02-01",
      "name": "pid-2a6560c5-0fc6-5295-b5f9-8be8adfb41fe",
      "type": "Microsoft.Resources/deployments",
      "properties":{
       "mode": "Incremental",
       "template": {
         "$schema": "https://schema.management.azure.com/schemas/2015-01-01/deplymentTemplate.json#",
         "contentVersion": "1.0.0.0",
         "resources": []
       } 
      }
    },
    {
      "type": "Microsoft.Compute/availabilitySets",
      "name": "[variables('compute_AvailabilitySet_FG_Name')]",
      "apiVersion": "2017-03-30",
      "tags": {
        "provider": "[toUpper(parameters('FortinetTags').provider)]"
      },
      "location": "[parameters('location')]",
      "properties": {
        "platformFaultDomainCount": 2,
        "platformUpdateDomainCount": 2
      },
      "sku": {
        "name": "Aligned"
      }
    },
    {
      "condition": "[equals(parameters('vnetNewOrExisting'), 'new')]",
      "type": "Microsoft.Network/virtualNetworks",
      "apiVersion": "2017-09-01",
      "name": "[parameters('vnetName')]",
      "location": "[parameters('location')]",
      "properties": {
        "addressSpace": {
          "addressPrefixes": [
            "[parameters('vnetAddressPrefix')]"
          ]
        },
        "subnets": [
          {
            "name": "[parameters('Subnet1Name')]",
            "properties": {
              "addressPrefix": "[parameters('Subnet1Prefix')]"
            }
          },
          {
            "name": "[parameters('Subnet2Name')]",
            "properties": {
              "addressPrefix": "[parameters('Subnet2Prefix')]"
            }
          }
        ]
      }
    },
    {
      "condition": "[equals(parameters('publicIPNewOrExistingOrNone'), 'new')]",
      "type": "Microsoft.Network/publicIPAddresses",
      "apiVersion": "2017-09-01",
      "tags": {
        "provider": "[toUpper(parameters('FortinetTags').provider)]"
      },
      "name": "[parameters('publicIPAddressName')]",
      "location": "[parameters('location')]",
      "properties": {
        "publicIPAllocationMethod": "Static"
      }
    },
    {
      "apiVersion": "2017-09-01",
      "tags": {
        "provider": "[toUpper(parameters('FortinetTags').provider)]"
      },
      "type": "Microsoft.Network/networkInterfaces",
      "name": "[variables('network_NIC_fg11_Name')]",
      "location": "[parameters('location')]",
      "dependsOn": [
        "[parameters('vnetName')]"
      ],
      "properties": {
        "ipConfigurations": [
          {
            "name": "ipconfig1",
            "properties": {
              "privateIPAllocationMethod": "Dynamic",
              "subnet": {
                "id": "[variables('subnet1Ref')]"
              }
            }
          }
        ],
        "enableIPForwarding": true
      }
    },
    {
      "apiVersion": "2017-09-01",
      "tags": {
        "provider": "[toUpper(parameters('FortinetTags').provider)]"
      },
      "type": "Microsoft.Network/networkInterfaces",
      "name": "[variables('network_NIC_fg12_Name')]",
      "location": "[parameters('location')]",
      "dependsOn": [
        "[parameters('vnetName')]"
      ],
      "properties": {
        "ipConfigurations": [
          {
            "name": "ipconfig1",
            "properties": {
              "privateIPAllocationMethod": "Dynamic",
              "subnet": {
                "id": "[variables('subnet2Ref')]"
              }
            }
          }
        ],
        "enableIPForwarding": true
      }
    },
    {
      "type": "Microsoft.Resources/deployments",
      "name": "UpdateNIC1",
      "apiVersion": "2018-02-01",
      "dependsOn": [
        "[variables('network_NIC_fg11_Name')]"
      ],
      "properties": {
        "mode": "Incremental",
        "templateLink": {
          "uri": "[variables('updateIPURI')]",
          "contentVersion": "1.0.0.0"
        },
        "parameters": {
          "nicName": {
            "value": "[variables('network_NIC_fg11_Name')]"
          },
          "SubnetRef": {
            "value": "[variables('subnet1Ref')]"
          },
          "privateIp": {
            "value": "[reference(concat('Microsoft.Network/networkInterfaces/', variables('network_NIC_fg11_Name'))).ipConfigurations[0].properties.privateIPAddress]"
          },
          "publicIPID": {
            "value": "[variables('publicIPID')]"
          },
          "publicIPNewOrExistingOrNone": {
            "value": "[parameters('publicIPNewOrExistingOrNone')]"
          },
          "location": {
            "value": "[parameters('location')]"
          },
          "FortinetTags": {
            "value": "[parameters('FortinetTags')]"
          }
        }
      }
    },
    {
      "type": "Microsoft.Resources/deployments",
      "name": "UpdateNIC2",
      "apiVersion": "2018-02-01",
      "dependsOn": [
        "[variables('network_NIC_fg12_Name')]"
      ],
      "properties": {
        "mode": "Incremental",
        "templateLink": {
          "uri": "[variables('updateIPURI')]",
          "contentVersion": "1.0.0.0"
        },
        "parameters": {
          "nicName": {
            "value": "[variables('network_NIC_fg12_Name')]"
          },
          "SubnetRef": {
            "value": "[variables('subnet2Ref')]"
          },
          "privateIp": {
            "value": "[reference(concat('Microsoft.Network/networkInterfaces/', variables('network_NIC_fg12_Name'))).ipConfigurations[0].properties.privateIPAddress]"
          },
          "publicIPID": {
            "value": "[variables('publicIPID')]"
          },
          "publicIPNewOrExistingOrNone": {
            "value": "none"
          },
          "location": {
            "value": "[parameters('location')]"
          },
          "FortinetTags": {
            "value": "[parameters('FortinetTags')]"
          }
        }
      }
    },
    {
      "name": "SettingUpVirtualNetwork",
      "type": "Microsoft.Resources/deployments",
      "apiVersion": "2018-02-01",
      "dependsOn": [
        "UpdateNIC1",
        "UpdateNIC2"
      ],
      "properties": {
        "mode": "Incremental",
        "templateLink": {
          "uri": "[variables('virtualNetworkSetupURL')]",
          "contentVersion": "1.0.0.0"
        },
        "parameters": {
          "vnetNewOrExisting": {
            "value": "[parameters('vnetNewOrExisting')]"
          },
          "vnetName": {
            "value": "[parameters('vnetName')]"
          },
          "location": {
            "value": "[parameters('location')]"
          },
          "vnetAddressPrefix": {
            "value": "[parameters('vnetAddressPrefix')]"
          },
          "subnet1Name": {
            "value": "[parameters('Subnet1Name')]"
          },
          "subnet1AddressPrefix": {
            "value": "[parameters('Subnet1Prefix')]"
          },
          "subnet1NextHop": {
            "value": "[reference(concat('Microsoft.Network/networkInterfaces/', variables('network_NIC_fg11_Name'))).ipConfigurations[0].properties.privateIPAddress]"
          },
          "subnet2Name": {
            "value": "[parameters('Subnet2Name')]"
          },
          "subnet2AddressPrefix": {
            "value": "[parameters('Subnet2Prefix')]"
          },
          "subnet2NextHop": {
            "value": "[reference(concat('Microsoft.Network/networkInterfaces/', variables('network_NIC_fg12_Name'))).ipConfigurations[0].properties.privateIPAddress]"
          },
          "vnetResourceGroup": {
            "value": "[parameters('vnetResourceGroup')]"
          },
          "routeTable1Name": {
            "value": "[variables('routeTable1Name')]"
          },
          "routeTable2Name": {
            "value": "[variables('routeTable2Name')]"
          },
          "FortinetTags": {
            "value": "[parameters('FortinetTags')]"
          }
        }
      }
    },
    {
      "type": "Microsoft.Compute/virtualMachines",
      "name": "[parameters('FortiGateName')]",
      "apiVersion": "2017-03-30",
      "tags": {
        "provider": "[toUpper(parameters('FortinetTags').provider)]"
      },
      "location": "[parameters('location')]",
      "plan": {
        "name": "[parameters('FortiGateImageSKU')]",
        "publisher": "fortinet",
        "product": "fortinet_fortigate-vm_v5"
      },
      "dependsOn": [
        "SettingUpVirtualNetwork"
      ],
      "properties": {
        "hardwareProfile": {
          "vmSize": "[parameters('instanceType')]"
        },
        "availabilitySet": {
          "id": "[variables('compute_AvailabilitySet_FG_Id')]"
        },
        "osProfile": {
          "computerName": "[parameters('FortiGateName')]",
          "adminUsername": "[parameters('adminUsername')]",
          "adminPassword": "[parameters('adminPassword')]"
        },
        "storageProfile": {
          "imageReference": {
            "publisher": "fortinet",
            "offer": "fortinet_fortigate-vm_v5",
            "sku": "[parameters('FortiGateImageSKU')]",
            "version": "[parameters('FortiGateImageVersion')]"
          },
          "osDisk": {
            "createOption": "FromImage"
          },
          "dataDisks": [
            {
              "diskSizeGB": 30,
              "lun": 0,
              "createOption": "Empty"
            }
          ]
        },
        "networkProfile": {
          "networkInterfaces": [
            {
              "properties": {
                "primary": true
              },
              "id": "[variables('network_NIC_fg11_Id')]"
            },
            {
              "properties": {
                "primary": false
              },
              "id": "[variables('network_NIC_fg12_Id')]"
            }
          ]
        }
      }
    }
  ]
  }
