{
  "$schema": "https://schema.management.azure.com/schemas/2015-01-01/deploymentTemplate.json#",
  "contentVersion": "1.0.0.0",
  "parameters": {
    "nicName": {
      "type": "string"
    },
    "SubnetRef": {
      "type": "string"
    },
    "privateIp": {
      "type": "string"
    },
    "publicIPID": {
      "type": "string"
    },
    "publicIPNewOrExistingOrNone": {
      "type": "string"
    },
    "location":{
      "type": "string"
    },
    "FortinetTags": {
      "type": "object"
    }
  },
  "variables": {
    "NICwPIP": [
      {
        "name": "ipconfig1",
        "properties": {
          "privateIPAllocationMethod": "Static",
          "privateIPAddress": "[parameters('privateIp')]",
          "subnet": {
            "id": "[parameters('SubnetRef')]"
          },
          "publicIPAddress": {
            "id": "[parameters('publicIPID')]"
          }
        }
      }
    ],

    "NICwoPIP": [
      {
        "name": "ipconfig1",
        "properties": {
          "privateIPAllocationMethod": "Static",
          "privateIPAddress": "[parameters('privateIp')]",
          "subnet": {
            "id": "[parameters('SubnetRef')]"
          }
        }
      }
    ]
  },
  "resources": [
    {
      "apiVersion": "2017-09-01",
      "dependsOn": [
      ],
      "tags": {
        "provider": "[toUpper(parameters('FortinetTags').provider)]"
      },
      "type": "Microsoft.Network/networkInterfaces",
      "name": "[parameters('nicName')]",
      "location": "[parameters('location')]",
      "properties": {
        "ipConfigurations": "[if(equals(parameters('publicIPNewOrExistingOrNone'), 'none'), variables('NICwoPIP'), variables('NICwPIP'))]",
        "enableIPForwarding": true
      }
    }
  ],
  "outputs": {}
}