{
  "handler": "Microsoft.Compute.MultiVm",
  "version": "0.0.1-preview",
  "parameters": {
    "basics": [
      {
        "name": "VMName",
        "type": "Microsoft.Common.TextBox",
        "label": "FortiGate set name prefix",
        "toolTip": "This will be used to name the pair of FortiGate virtual appliances.",
        "constraints": {
          "required": true,
          "regex": "^[A-Za-z0-9]{1,15}$",
          "validationMessage": "Only alphanumeric characters are allowed, and the value must be 1 to 15 characters."
        }
      },
      {
        "name": "adminUsername",
        "type": "Microsoft.Compute.UserNameTextBox",
        "label": "FortiGate administrative username",
        "toolTip": "Admin username for the FortiGate virtual appliance. Must not be 'admin'.",
        "osPlatform": "Linux",
        "constraints": {
          "required": true
        }
      },
      {
        "name": "passwordElement",
        "type": "Microsoft.Common.PasswordBox",
        "label": {
          "password": "FortiGate password",
          "confirmPassword": "Confirm password"
        },
        "toolTip": {
          "password": "Admin account password for the virtual FortiGate"
        },
        "constraints": {
          "required": true,
          "regex": "^(?:(?=.*[a-z])(?:(?=.*[A-Z])(?=.*[\\d\\W])|(?=.*\\W)(?=.*\\d))|(?=.*\\W)(?=.*[A-Z])(?=.*\\d)).{6,72}$",
          "validationMessage": "The password must be between 6 and 72 characters long, and contain characters from at least 3 of the following groups: uppercase characters, lowercase characters, numbers, and special characters."
        },
        "options": {
          "hideConfirmation": false
        }
      }
    ],
    "steps": [
      {
        "name": "StorageNetworkConfig",
        "label": "Network and Storage Settings",
        "subLabel": {
          "preValidation": "Configure the network and storage options",
          "postValidation": "Done"
        },
        "bladeTitle": "Network and storage settings",
        "elements": [
          {
            "name": "virtualNetwork",
            "type": "Microsoft.Network.VirtualNetworkCombo",
            "label": {
              "virtualNetwork": "Virtual network",
              "subnets": "Subnets"
            },
            "toolTip": {
              "virtualNetwork": "Virtual network name",
              "subnets": "Subnets requied for the FortiGate solution"
            },
            "defaultValue": {
              "name": "FortigateProtectedVNet",
              "addressPrefixSize": "/16"
            },
            "constraints": {
              "minAddressPrefixSize": "/28"
            },
            "subnets": {
              "subnet1": {
                "label": "Outside subnet",
                "defaultValue": {
                  "name": "PublicFacingSubnet",
                  "addressPrefixSize": "/24"
                },
                "constraints": {
                  "minAddressPrefixSize": "/29",
                  "minAddressCount": 3,
                  "requireContiguousAddresses": false
                }
              },
              "subnet2": {
                "label": "Inside subnet",
                "defaultValue": {
                  "name": "FortigateProtectedSubnet",
                  "addressPrefixSize": "/24"
                },
                "constraints": {
                  "minAddressPrefixSize": "/29",
                  "minAddressCount": 3,
                  "requireContiguousAddresses": false
                }
              }
            }
          },
          {
            "name": "vmSize",
            "type": "Microsoft.Compute.SizeSelector",
            "label": "Virtual machine size",
            "toolTip": "The size of virtual machine to provision.",
            "recommendedSizes": [
              "Standard_D2_v2",
              "Standard_D3_v2",
              "Standard_D4_v2"
            ],
            "constraints": {
              "allowedSizes": [
                "Standard_A3",
                "Standard_A4",
                "Standard_D2",
                "Standard_D3",
                "Standard_D4",
                "Standard_D2_v2",
                "Standard_D3_v2",
                "Standard_D4_v2"
              ],
              "required": true
            },
            "osPlatform": "Linux",
            "imageReference": {
              "publisher": "Fortinet",
              "offer": "fortinet_fortigate-vm_v5",
              "sku": "fortinet_fg-vm"
            },
            "count": "1"
          },
          {
            "name": "storageAccount",
            "type": "Microsoft.Storage.StorageAccountSelector",
            "label": "Storage account",
            "toolTip": "Storage Account for the disk drive of the Virtual FortiGate.",
            "defaultValue": {
              "type": "Standard_LRS"
            },
            "constraints": {
              "allowedTypes": [
                "Standard_LRS",
                "Standard_GRS"
              ],
              "required": true
            }
          }
        ]
      },
      {
        "name": "IPConfig",
        "label": "FortiGate IP address assignments",
        "subLabel": {
          "preValidation": "Configure the Public IP and the IP Addresses for each NIC on the FortiGate",
          "postValidation": "Done"
        },
        "bladeTitle": "IP assignment",
        "elements": [
          {
            "name": "publicIpAddress",
            "type": "Microsoft.Network.PublicIpAddressCombo",
            "label": {
              "publicIpAddress": "First public IP address resource name",
              "domainNameLabel": "Domain name label"
            },
            "toolTip": {
              "publicIpAddress": "Name of the public IP address object",
              "domainNameLabel": "DNS prefix to use for the public IP address (e.g. [dnsPrefix].region.cloudapp.azure.com)"
            },
            "defaultValue": {
              "publicIpAddressName": "FortiGate-LB-PublicIP-A"
            },
            "constraints": {
              "required": {
                "domainNameLabel": true
              }
            },
            "options": {
              "hideNone": true,
              "hideDomainNameLabel": false
            }
          },
          {
            "name": "publicIpAddress2",
            "type": "Microsoft.Network.PublicIpAddressCombo",
            "label": {
              "publicIpAddress": "Second public IP address resource name",
              "domainNameLabel": "Domain name label"
            },
            "toolTip": {
              "publicIpAddress": "Name of the public IP address object",
              "domainNameLabel": "DNS prefix to use for the public IP address (e.g. [dnsPrefix].region.cloudapp.azure.com)"
            },
            "defaultValue": {
              "publicIpAddressName": "FortiGate-LB-PublicIP-B"
            },
            "constraints": {
              "required": {
                "domainNameLabel": true
              }
            },
            "options": {
              "hideNone": true,
              "hideDomainNameLabel": false
            }
          },
          {
            "name": "publicIPAddressTypeElement",
            "type": "Microsoft.Common.OptionsGroup",
            "label": "Public IP address type",
            "toolTip": "",
            "defaultValue": "Static",
            "constraints": {
              "allowedValues": [
                {
                  "label": "Static",
                  "value": "Static"
                },
                {
                  "label": "Dynamic",
                  "value": "Dynamic"
                }
              ],
              "required": true
            }
          },
          {
            "name": "fGateIP1",
            "type": "Microsoft.Common.TextBox",
            "label": "FortiGate outside address",
            "toolTip": "This is the IP address of the outside interface of the FortiGate virtual appliance.",
            "defaultValue": "[steps('StorageNetworkConfig').virtualNetwork.subnets.subnet1.startAddress]",
            "constraints": {
              "required": true,
              "regex": "^([01]?\\d\\d?|2[0-4]\\d|25[0-5])\\.([01]?\\d\\d?|2[0-4]\\d|25[0-5])\\.([01]?\\d\\d?|2[0-4]\\d|25[0-5])\\.([01]?\\d\\d?|2[0-4]\\d|25[0-5])$",
              "validationMessage": "Must be a valid and available IPv4 address on the first subnet configured in the previous step."
            }
          },
          {
            "name": "fGateIP2",
            "type": "Microsoft.Common.TextBox",
            "label": "FortiGate inside address",
            "toolTip": "This is the IP address of the inside interface of the FortiGate virtual appliance.",
            "defaultValue": "[steps('StorageNetworkConfig').virtualNetwork.subnets.subnet2.startAddress]",
            "constraints": {
              "required": true,
              "regex": "^([01]?\\d\\d?|2[0-4]\\d|25[0-5])\\.([01]?\\d\\d?|2[0-4]\\d|25[0-5])\\.([01]?\\d\\d?|2[0-4]\\d|25[0-5])\\.([01]?\\d\\d?|2[0-4]\\d|25[0-5])$",
              "validationMessage": "Must be a valid and available IPv4 address on the second subnet configured in the previous step."
            }
          },
          {
            "name": "fGateBIP1",
            "type": "Microsoft.Common.TextBox",
            "label": "Secondary FortiGate outside address",
            "toolTip": "This is the IP address of the outside interface of the FortiGate virtual appliance.",
            "defaultValue": "",
            "constraints": {
              "required": true,
              "regex": "^([01]?\\d\\d?|2[0-4]\\d|25[0-5])\\.([01]?\\d\\d?|2[0-4]\\d|25[0-5])\\.([01]?\\d\\d?|2[0-4]\\d|25[0-5])\\.([01]?\\d\\d?|2[0-4]\\d|25[0-5])$",
              "validationMessage": "Must be a valid and available IPv4 address on the first subnet configured in the previous step."
            }
          },
          {
            "name": "fGateBIP2",
            "type": "Microsoft.Common.TextBox",
            "label": "Secondary FortiGate inside address",
            "toolTip": "This is the IP address of the inside interface of the FortiGate virtual appliance.",
            "defaultValue": "",
            "constraints": {
              "required": true,
              "regex": "^([01]?\\d\\d?|2[0-4]\\d|25[0-5])\\.([01]?\\d\\d?|2[0-4]\\d|25[0-5])\\.([01]?\\d\\d?|2[0-4]\\d|25[0-5])\\.([01]?\\d\\d?|2[0-4]\\d|25[0-5])$",
              "validationMessage": "Must be a valid and available IPv4 address on the second subnet configured in the previous step."
            }
          }
        ]
      }
    ],
    "outputs": {
      "vmNamePrefix": "[basics('VMName')]",
      "adminUsername": "[basics('adminUsername')]",
      "adminPassword": "[basics('passwordElement')]",
      "VirtualMachineSize": "[steps('StorageNetworkConfig').vmSize]",
      "publicIPAddressName": "[steps('IPConfig').publicIpAddress.name]",
      "publicIPAddress2Name": "[steps('IPConfig').publicIpAddress2.name]",
      "publicIPAddressType": "[steps('IPConfig').publicIPAddressTypeElement]",
      "uniqueDnsPrefixForPublicIP": "[steps('IPConfig').publicIpAddress.domainNameLabel]",
      "uniqueDnsPrefixForPublicIP2": "[steps('IPConfig').publicIpAddress2.domainNameLabel]",
      "publicIPNewOrExistingOrNone": "[steps('IPConfig').publicIpAddress.newOrExistingOrNone]",
      "publicIP2NewOrExistingOrNone": "[steps('IPConfig').publicIpAddress2.newOrExistingOrNone]",
      "publicIPAddressResourceGroup": "[steps('IPConfig').publicIpAddress.resourceGroup]",
      "publicIPAddress2ResourceGroup": "[steps('IPConfig').publicIpAddress2.resourceGroup]",
      "fortiGateIP1": "[steps('IPConfig').fGateIP1]",
      "fortiGateIP2": "[steps('IPConfig').fGateIP2]",
      "fortiGateBIP1": "[steps('IPConfig').fGateBIP1]",
      "fortiGateBIP2": "[steps('IPConfig').fGateBIP2]",
      "StorageAccountName": "[steps('StorageNetworkConfig').storageAccount.name]",
      "StorageAccountType": "[steps('StorageNetworkConfig').storageAccount.type]",
      "storageAccountNewOrExisting": "[steps('StorageNetworkConfig').storageAccount.newOrExisting]",
      "storageAccountExistingRG": "[steps('StorageNetworkConfig').storageAccount.resourceGroup]",
      "location": "[location()]",
      "vnetNewOrExisting": "[steps('StorageNetworkConfig').virtualNetwork.newOrExisting]",
      "virtualnetName": "[steps('StorageNetworkConfig').virtualNetwork.name]",
      "virtualNetworkExistingRGName": "[steps('StorageNetworkConfig').virtualNetwork.resourceGroup]",
      "virtualNetworkAddressPrefix": "[steps('StorageNetworkConfig').virtualNetwork.addressPrefix]",
      "Subnet1Name": "[steps('StorageNetworkConfig').virtualNetwork.subnets.subnet1.name]",
      "Subnet1Prefix": "[steps('StorageNetworkConfig').virtualNetwork.subnets.subnet1.addressPrefix]",
      "Subnet2Name": "[steps('StorageNetworkConfig').virtualNetwork.subnets.subnet2.name]",
      "Subnet2Prefix": "[steps('StorageNetworkConfig').virtualNetwork.subnets.subnet2.addressPrefix]"
    }
  }
  }
