{
  "$schema": "https://schema.management.azure.com/schemas/2015-01-01/deploymentTemplate.json#",
  "contentVersion": "1.0.0.0",
  "parameters": {
    "location": {
      "type": "string",
      "metadata": {
        "description": "Location"
      }
    },
    "publicIPAddressResourceGroup": {
      "type": "string",
      "metadata": {
        "description": "Resource Group"
      }
    },
    "publicIPAddressName": {
      "type": "string",
      "metadata": {
        "description": "Public IP Address Name"
      }
    },
    "publicIPAddressType": {
      "type": "string",
      "metadata": {
        "description": "Public IP Address Type (e.g. Static or Dynamic)"
      }
    },
    "dnsName": {
      "type": "string",
      "metadata": {
        "description": "Public IP DNS prefix (e.g. [dnsName].region.cloudapp.azure.com)"
      }
    },
    "publicIP2ID": {
      "type": "string"
    },
    "VMName": {
      "type": "string",
      "metadata": {
        "description": "FortiGate name"
      }
    },
    "VM2Name": {
      "type": "string",
      "metadata": {
        "description": "FortiGate name"
      }
    },
    "vmNamePrefix": {
      "type": "string",
      "metadata": {
        "description": "VM set prefix"
      }
    },
    "VNetName": {
      "type": "string",
      "metadata": {
        "description": "FortiGate name"
      }
    },
    "FGPubFacingAddress": {
      "type": "string",
      "metadata": {
        "description": "Outside address of FortiGate"
      }
    },
    "FGBPubFacingAddress": {
      "type": "string",
      "metadata": {
        "description": "Outside address of FortiGate B"
      }
    },
    "subnet1Ref": {
      "type": "string",
      "metadata": {
        "description": "subnet 1 reference ID"
      }
    },
    "network_NIC_fg11_Name": {
      "type": "string",
      "metadata": {
        "description": "NIC0 interface name"
      }
    },
    "network_NIC_fg21_Name": {
      "type": "string",
      "metadata": {
        "description": "FortiGate B NIC0 interface name"
      }
    }
  },
  "variables": {
    "apiVer": "2015-06-15"
  },
  "resources": [
    {
      "apiVersion": "[variables('apiVer')]",
      "type": "Microsoft.Network/networkInterfaces",
      "name": "[parameters('network_NIC_fg11_Name')]",
      "location": "[parameters('location')]",
      "properties": {
        "ipConfigurations": [
          {
            "name": "ipconfig1",
            "properties": {
              "privateIPAllocationMethod": "Static",
              "privateIPAddress": "[parameters('FGPubFacingAddress')]",
              "subnet": {
                "id": "[parameters('subnet1Ref')]"
              }
            }
          }
        ],
        "enableIPForwarding": true
      }
    },
    {
      "apiVersion": "[variables('apiVer')]",
      "type": "Microsoft.Network/networkInterfaces",
      "name": "[parameters('network_NIC_fg21_Name')]",
      "location": "[parameters('location')]",
      "properties": {
        "ipConfigurations": [
          {
            "name": "ipconfig1",
            "properties": {
              "privateIPAllocationMethod": "Static",
              "privateIPAddress": "[parameters('FGBPubFacingAddress')]",
              "subnet": {
                "id": "[parameters('subnet1Ref')]"
              }
            }
          }
        ],
        "enableIPForwarding": true
      }
    }
  ],
      "outputs": {
      }
    }
