{
  "$schema": "https://schema.management.azure.com/schemas/2015-01-01/deploymentTemplate.json#",
  "contentVersion": "1.0.0.0",
  "parameters": {
    "location": {
      "type": "string",
      "metadata": {
        "description": "Location"
      }
    },
    "publicIPAddressResourceGroup": {
      "type": "string",
      "metadata": {
        "description": "Resource Group"
      }
    },
    "publicIPAddressName": {
      "type": "string",
      "metadata": {
        "description": "Public IP Address Name"
      }
    },
    "publicIPAddressType": {
      "type": "string",
      "metadata": {
        "description": "Public IP Address Type (e.g. Static or Dynamic)"
      }
    },
    "dnsName": {
      "type": "string",
      "metadata": {
        "description": "Public IP DNS prefix (e.g. [dnsName].region.cloudapp.azure.com)"
      }
    },
    "publicIP2ID": {
      "type": "string"
    },
    "VMName": {
      "type": "string",
      "metadata": {
        "description": "FortiGate name"
      }
    },
    "VM2Name": {
      "type": "string",
      "metadata": {
        "description": "FortiGate name"
      }
    },
    "vmNamePrefix": {
      "type": "string",
      "metadata": {
        "description": "VM set prefix"
      }
    },
    "VNetName": {
      "type": "string",
      "metadata": {
        "description": "FortiGate name"
      }
    },
    "FGPubFacingAddress": {
      "type": "string",
      "metadata": {
        "description": "Outside address of FortiGate A"
      }
    },
    "FGBPubFacingAddress": {
      "type": "string",
      "metadata": {
        "description": "Outside address of FortiGate B"
      }
    },
    "subnet1Ref": {
      "type": "string",
      "metadata": {
        "description": "subnet 1 reference ID"
      }
    },
    "network_NIC_fg11_Name": {
      "type": "string",
      "metadata": {
        "description": "FortiGate A NIC0 interface name"
      }
    },
    "network_NIC_fg21_Name": {
      "type": "string",
      "metadata": {
        "description": "FortiGate B NIC0 interface name"
      }
    }
  },
  "variables": {
    "publicIPID": "[resourceID('Microsoft.Network/publicIPAddresses',parameters('publicIPAddressName'))]",
    "network_LB_Public_NatRule_IKE500_fg1_Name": "[concat(parameters('VMName'),'IKE500')]",
    "network_LB_Public_NatRule_IKE500_fg2_Name": "[concat(parameters('VM2Name'),'IKE500')]",
    "network_LB_Public_NatRule_IKE500_fg1_Id": "[concat(variables('network_LB_Public_Id'),'/inboundNatRules/',variables('network_LB_Public_NatRule_IKE500_fg1_Name'))]",
    "network_LB_Public_NatRule_IKE500_fg2_Id": "[concat(variables('network_LB_Public_Id'),'/inboundNatRules/',variables('network_LB_Public_NatRule_IKE500_fg2_Name'))]",
    "network_LB_Public_NatRule_IKE4500_fg1_Name": "[concat(parameters('VMName'),'IKE4500')]",
    "network_LB_Public_NatRule_IKE4500_fg2_Name": "[concat(parameters('VM2Name'),'IKE4500')]",
    "network_LB_Public_NatRule_IKE4500_fg1_Id": "[concat(variables('network_LB_Public_Id'),'/inboundNatRules/',variables('network_LB_Public_NatRule_IKE4500_fg1_Name'))]",
    "network_LB_Public_NatRule_IKE4500_fg2_Id": "[concat(variables('network_LB_Public_Id'),'/inboundNatRules/',variables('network_LB_Public_NatRule_IKE4500_fg2_Name'))]",
    "network_LB_Public_NatRule_FGAdminPerm_fg1_Name": "[concat(parameters('VMName'),'FGAdminPerm')]",
    "network_LB_Public_NatRule_FGAdminPerm_fg1_Id": "[concat(variables('network_LB_Public_Id'),'/inboundNatRules/',variables('network_LB_Public_NatRule_FGAdminPerm_fg1_Name'))]",
    "network_LB_Public_NatRule_SSH_fg1_Name": "[concat(parameters('VMName'),'SSH')]",
    "network_LB_Public_NatRule_SSH_fg1_Id": "[concat(variables('network_LB_Public_Id'),'/inboundNatRules/',variables('network_LB_Public_NatRule_SSH_fg1_Name'))]",
    "network_LB_Public_NatRule_FGAdminPerm_fg2_Name": "[concat(parameters('VM2Name'),'FGAdminPerm')]",
    "network_LB_Public_NatRule_FGAdminPerm_fg2_Id": "[concat(variables('network_LB_Public_Id'),'/inboundNatRules/',variables('network_LB_Public_NatRule_FGAdminPerm_fg2_Name'))]",
    "network_LB_Public_NatRule_SSH_fg2_Name": "[concat(parameters('VM2Name'),'SSH')]",
    "network_LB_Public_NatRule_SSH_fg2_Id": "[concat(variables('network_LB_Public_Id'),'/inboundNatRules/',variables('network_LB_Public_NatRule_SSH_fg2_Name'))]",
    "network_LB_Public_Name": "[concat(parameters('vmNamePrefix'),'publicLB')]",
    "network_LB_Public_Id": "[resourceId('Microsoft.Network/loadBalancers',variables('network_LB_Public_Name'))]",
    "network_LB_Public_FEName": "[concat(parameters('VMName'),'publicLBFE')]",
    "network_LB_Public_FEId": "[concat(variables('network_LB_Public_Id'),'/frontendIPConfigurations/',variables('network_LB_Public_FEName'))]",
    "network_LB_Public_FE2Name": "[concat(parameters('VMName'),'publicLBFE2')]",
    "network_LB_Public_FE2Id": "[concat(variables('network_LB_Public_Id'),'/frontendIPConfigurations/',variables('network_LB_Public_FE2Name'))]",
    "network_LB_Public_BEName": "[concat(parameters('VMName'),'publicLBBE')]",
    "network_LB_Public_BEId": "[concat(variables('network_LB_Public_Id'),'/backendAddressPools/',variables('network_LB_Public_BEName'))]",
    "apiVer": "2015-06-15"
  },
  "resources": [
    {
      "type": "Microsoft.Network/publicIPAddresses",
      "name": "[parameters('publicIPAddressName')]",
      "apiVersion": "[variables('apiVer')]",
      "location": "[parameters('location')]",
      "properties": {
        "publicIPAllocationMethod": "[parameters('publicIPAddressType')]",
        "dnsSettings": {
          "domainNameLabel": "[parameters('dnsName')]"
        }
      }
    },
    {
      "type": "Microsoft.Network/loadBalancers",
      "name": "[variables('network_LB_Public_Name')]",
      "apiVersion": "[variables('apiVer')]",
      "location": "[parameters('location')]",
      "dependsOn": [
        "[variables('publicIPID')]"
      ],
      "properties": {
        "frontendIPConfigurations": [
          {
            "name": "[variables('network_LB_Public_FEName')]",
            "properties": {
              "publicIPAddress": {
                "id": "[variables('publicIPID')]"
              }
            }
          },
          {
            "name": "[variables('network_LB_Public_FE2Name')]",
            "properties": {
              "publicIPAddress": {
                "id": "[parameters('publicIP2ID')]"
              }
            }
          }
        ],
        "backendAddressPools": [
          {
            "name": "[variables('network_LB_Public_BEName')]"
          }
        ],
        "inboundNatRules": [
          {
            "name": "[variables('network_LB_Public_NatRule_IKE500_fg1_Name')]",
            "properties": {
              "frontendIPConfiguration": {
                "id": "[variables('network_LB_Public_FEId')]"
              },
              "protocol": "udp",
              "frontendPort": 500,
              "backendPort": 500,
              "enableFloatingIP": false
            }
          },
          {
            "name": "[variables('network_LB_Public_NatRule_IKE4500_fg1_Name')]",
            "properties": {
              "frontendIPConfiguration": {
                "id": "[variables('network_LB_Public_FEId')]"
              },
              "protocol": "udp",
              "frontendPort": 4500,
              "backendPort": 4500,
              "enableFloatingIP": false
            }
          },
          {
            "name": "[variables('network_LB_Public_NatRule_SSH_fg1_Name')]",
            "properties": {
              "frontendIPConfiguration": {
                "id": "[variables('network_LB_Public_FEId')]"
              },
              "protocol": "tcp",
              "frontendPort": 22,
              "backendPort": 22,
              "enableFloatingIP": false
            }
          },
          {
            "name": "[variables('network_LB_Public_NatRule_FGAdminPerm_fg1_Name')]",
            "properties": {
              "frontendIPConfiguration": {
                "id": "[variables('network_LB_Public_FEId')]"
              },
              "protocol": "tcp",
              "frontendPort": 9443,
              "backendPort": 443,
              "enableFloatingIP": false
            }
          },
          {
            "name": "[variables('network_LB_Public_NatRule_IKE500_fg2_Name')]",
            "properties": {
              "frontendIPConfiguration": {
                "id": "[variables('network_LB_Public_FE2Id')]"
              },
              "protocol": "udp",
              "frontendPort": 500,
              "backendPort": 500,
              "enableFloatingIP": false
            }
          },
          {
            "name": "[variables('network_LB_Public_NatRule_IKE4500_fg2_Name')]",
            "properties": {
              "frontendIPConfiguration": {
                "id": "[variables('network_LB_Public_FE2Id')]"
              },
              "protocol": "udp",
              "frontendPort": 4500,
              "backendPort": 4500,
              "enableFloatingIP": false
            }
          },
          {
            "name": "[variables('network_LB_Public_NatRule_SSH_fg2_Name')]",
            "properties": {
              "frontendIPConfiguration": {
                "id": "[variables('network_LB_Public_FE2Id')]"
              },
              "protocol": "tcp",
              "frontendPort": 22,
              "backendPort": 22,
              "enableFloatingIP": false
            }
          },
          {
            "name": "[variables('network_LB_Public_NatRule_FGAdminPerm_fg2_Name')]",
            "properties": {
              "frontendIPConfiguration": {
                "id": "[variables('network_LB_Public_FE2Id')]"
              },
              "protocol": "tcp",
              "frontendPort": 9443,
              "backendPort": 443,
              "enableFloatingIP": false
            }
          }
        ],
        "loadBalancingRules": [
          {
            "properties": {
              "frontendIPConfiguration": {
                "id": "[variables('network_LB_Public_FEId')]"
              },
              "backendAddressPool": {
                "id": "[variables('network_LB_Public_BEId')]"
              },
              "probe": {
                "id": "[concat(resourceId('Microsoft.Network/loadBalancers', variables('network_LB_Public_Name')), '/probes/lbprobe')]"
              },
              "protocol": "Tcp",
              "frontendPort": 443,
              "backendPort": 1443,
              "idleTimeoutInMinutes": 15
            },
            "Name": "FE1LBRule443"
          },
          {
            "properties": {
              "frontendIPConfiguration": {
                "id": "[variables('network_LB_Public_FE2Id')]"
              },
              "backendAddressPool": {
                "id": "[variables('network_LB_Public_BEId')]"
              },
              "probe": {
                "id": "[concat(resourceId('Microsoft.Network/loadBalancers', variables('network_LB_Public_Name')), '/probes/lbprobe')]"
              },
              "protocol": "Tcp",
              "frontendPort": 443,
              "backendPort": 2443,
              "idleTimeoutInMinutes": 15
            },
            "Name": "FE2LBRule443"
          },
          {
            "properties": {
              "frontendIPConfiguration": {
                "id": "[variables('network_LB_Public_FEId')]"
              },
              "backendAddressPool": {
                "id": "[variables('network_LB_Public_BEId')]"
              },
              "probe": {
                "id": "[concat(resourceId('Microsoft.Network/loadBalancers', variables('network_LB_Public_Name')), '/probes/lbprobe')]"
              },
              "protocol": "Tcp",
              "frontendPort": 80,
              "backendPort": 80,
              "idleTimeoutInMinutes": 15
            },
            "Name": "FE1LBRule80"
          },
          {
            "properties": {
              "frontendIPConfiguration": {
                "id": "[variables('network_LB_Public_FE2Id')]"
              },
              "backendAddressPool": {
                "id": "[variables('network_LB_Public_BEId')]"
              },
              "probe": {
                "id": "[concat(resourceId('Microsoft.Network/loadBalancers', variables('network_LB_Public_Name')), '/probes/lbprobe')]"
              },
              "protocol": "Tcp",
              "frontendPort": 80,
              "backendPort": 2080,
              "idleTimeoutInMinutes": 15
            },
            "Name": "FE2LBRule80"
          }
        ],
        "probes": [
          {
            "properties": {
              "protocol": "Tcp",
              "port": 22,
              "intervalInSeconds": 5,
              "numberOfProbes": 2
            },
            "name": "lbprobe"
          }
        ]
      }
    },
    {
      "apiVersion": "[variables('apiVer')]",
      "type": "Microsoft.Network/networkInterfaces",
      "name": "[parameters('network_NIC_fg11_Name')]",
      "location": "[parameters('location')]",
      "dependsOn": [
        "[variables('network_LB_Public_Id')]"
      ],
      "properties": {
        "ipConfigurations": [
          {
            "name": "ipconfig1",
            "properties": {
              "privateIPAllocationMethod": "Static",
              "privateIPAddress": "[parameters('FGPubFacingAddress')]",
              "subnet": {
                "id": "[parameters('subnet1Ref')]"
              },
              "loadBalancerBackendAddressPools": [
                {
                  "id": "[variables('network_LB_Public_BEId')]"
                }
              ],
              "loadBalancerInboundNatRules": [
                {
                  "id": "[variables('network_LB_Public_NatRule_IKE500_fg1_Id')]"
                },
                {
                  "id": "[variables('network_LB_Public_NatRule_IKE4500_fg1_Id')]"
                },
                {
                  "id": "[variables('network_LB_Public_NatRule_SSH_fg1_Id')]"
                },
                {
                  "id": "[variables('network_LB_Public_NatRule_FGAdminPerm_fg1_Id')]"
                }
              ]
            }
          }
        ],
        "enableIPForwarding": true
      }
    },
    {
      "apiVersion": "[variables('apiVer')]",
      "type": "Microsoft.Network/networkInterfaces",
      "name": "[parameters('network_NIC_fg21_Name')]",
      "location": "[parameters('location')]",
      "dependsOn": [
        "[variables('network_LB_Public_Id')]"
      ],
      "properties": {
        "ipConfigurations": [
          {
            "name": "ipconfig1",
            "properties": {
              "privateIPAllocationMethod": "Static",
              "privateIPAddress": "[parameters('FGBPubFacingAddress')]",
              "subnet": {
                "id": "[parameters('subnet1Ref')]"
              },
              "loadBalancerBackendAddressPools": [
                {
                  "id": "[variables('network_LB_Public_BEId')]"
                }
              ],
              "loadBalancerInboundNatRules": [
                {
                  "id": "[variables('network_LB_Public_NatRule_IKE500_fg2_Id')]"
                },
                {
                  "id": "[variables('network_LB_Public_NatRule_IKE4500_fg2_Id')]"
                },
                {
                  "id": "[variables('network_LB_Public_NatRule_SSH_fg2_Id')]"
                },
                {
                  "id": "[variables('network_LB_Public_NatRule_FGAdminPerm_fg2_Id')]"
                }
              ]
            }
          }
        ],
        "enableIPForwarding": true
      }
    }
  ],
    "outputs": {

    }
}
