
{
  "$schema": "https://schema.management.azure.com/schemas/2015-01-01/deploymentTemplate.json#",
  "contentVersion": "1.0.0.0",
  "parameters": {
    "location": {
      "type": "string",
      "metadata": {
        "description": "location - same as above"
      }
    },
    "adminUsername": {
      "type": "string",
      "metadata": {
        "description": "Username for the FortiGate virtual appliance."
      }
    },
    "adminPassword": {
      "type": "securestring",
      "metadata": {
        "description": "Password for the FortiGate virtual appliance."
      }
    },
    "FortiGateName": {
      "type": "string",
      "metadata": {
        "description": "Name for FortiGate virtual appliance."
      }
    },
    "FortiGateImageSKU": {
      "type": "string",
      "defaultValue": "fortinet_fg-vm_payg",
      "allowedValues": [
        "fortinet_fg-vm",
        "fortinet_fg-vm_payg"
      ],
      "metadata": {
        "description": "Identifies whether to to use PAYG (on demand licensing) or BYOL license model (where license is purchased separately)"
      }
    },
    "FortiGateImageVersion": {
      "type": "string",
      "defaultValue": "latest",
      "allowedValues": [
        "5.6.6",
        "6.0.3",
        "6.0.4",
        "latest"
      ],
      "metadata": {
        "description": "Select image version."
      }
    },
    "instanceType": {
      "type": "string",
      "defaultValue": "Standard_F4",
      "metadata": {
        "description": "Virtual Machine size selection"
      }
    },
    "publicIPNewOrExistingOrNone": {
      "type": "string",
      "defaultValue": "new",
      "allowedValues": [
        "new",
        "existing",
        "none"
      ],
      "metadata": {
        "description": "Identify whether to use a public IP and if so whether it is new or previously created"
      }
    },
    "publicIPAddressName": {
      "type": "string",
      "defaultValue": "PublicIPNameHere",
      "metadata": {
        "description": "Name of Public IP address resource."
      }
    },
    "publicIPAllocationMethod": {
      "type": "string",
      "defaultValue": "Static",
      "allowedValues": [
        "Static",
        "Dynamic"
      ],
      "metadata": {
        "description": "Dynamic public IPs change on reboot"
      }
    },
    "publicIPsku": {
        "type": "string",
        "defaultValue": "Standard",
        "allowedValues": [
          "Standard",
          "Basic"
        ],
        "metadata": {
          "description": "Standard public IPs are newer and required for new Azure load balancers"
        }
      },
    "publicIPResourceGroup": {
      "type": "string",
      "defaultValue": "PublicIPResourceGroupHere",
      "metadata": {
        "description": "Resource Group containing the public IP - or new resource group from above (if new public IP)"
      }
    },
    "vnetNewOrExisting": {
      "type": "string",
      "defaultValue": "new",
      "allowedValues": [
        "new",
        "existing"
      ],
      "metadata": {
        "description": "Identify whether to use a new or existing vnet"
      }
    },
    "vnetName": {
      "type": "string",
      "metadata": {
        "description": "Name of the Azure virtual network."
      }
    },
    "vnetResourceGroup": {
      "type": "string",
      "defaultValue": "",
      "metadata": {
        "description": "Resource Group containing the virtual network - or new resource group from above (if new vnet)"
      }
    },
    "vnetAddressPrefixes": {
      "type": "array",
      "defaultValue": ["10.0.0.0/16"],
      "metadata": {
        "description": "Virtual network address space in Array and CIDR notation, example: 10.2.0.0/16"
      }
    },
    "Subnet1Name": {
      "type": "string",
      "defaultValue": "sub1",
      "metadata": {
        "description": "Subnet 1 Name"
      }
    },
    "Subnet1Prefix": {
      "type": "string",
      "defaultValue": "10.0.1.0/24",
      "metadata": {
        "description": "Subnet 1 Prefix in CIDR notation (if using public IP, this will be the 'WAN' or external port), example: 10.2.1.0/24"
      }
    },
    "Subnet2Name": {
      "type": "string",
      "defaultValue": "sub2",
      "metadata": {
        "description": "Subnet 2 Name"
      }
    },
    "Subnet2Prefix": {
      "type": "string",
      "defaultValue": "10.0.2.0/24",
      "metadata": {
        "description": "Subnet 2 Prefix in CIDR notation (if using public IP, this will be the 'WAN' or external port), example: 10.2.2.0/24"
      }
    },
    "FortinetTags": {
      "type": "object",
      "defaultValue": {
        "provider": "6EB3B02F-50E5-4A3E-8CB8-2E129258317D"
      }
    },
    "ArtifactsBaseURI": {
      "type": "string",
      "defaultValue": "[deployment().properties.templateLink.uri]",
      "metadata": {
        "description": "Base URL of the solution template gallery package"
      }
    }
  },
  "variables": {
    "vnetAddressPrefix": "[string(parameters('vnetAddressPrefixes')[0])]",
    "subnet1Ref": "[resourceId(parameters('vnetResourceGroup'),'Microsoft.Network/virtualNetworks/subnets', parameters('vnetName'), parameters('Subnet1Name'))]",
    "subnet2Ref": "[resourceId(parameters('vnetResourceGroup'),'Microsoft.Network/virtualNetworks/subnets', parameters('vnetName'), parameters('Subnet2Name'))]",
    
    "publicIPID": "[resourceId(parameters('publicIPResourceGroup'), 'Microsoft.Network/publicIPAddresses', parameters('publicIPAddressName'))]",

    "routeTable1Name": "[concat(parameters('FortiGateName'), '-', parameters('Subnet1Name'),'-routes-',uniquestring(deployment().name))]",
    "routeTable2Name": "[concat(parameters('FortiGateName'), '-', parameters('Subnet2Name'),'-routes-',uniquestring(deployment().name))]",

    "network_NIC_fg11_Name": "[concat(parameters('FortiGateName'),'-Nic0-',uniquestring(deployment().name))]",
    "network_NIC_fg11_Id": "[resourceId('Microsoft.Network/networkInterfaces',variables('network_NIC_fg11_Name'))]",
    "network_NIC_fg12_Name": "[concat(parameters('FortiGateName'),'-Nic1-',uniquestring(deployment().name))]",
    "network_NIC_fg12_Id": "[resourceId('Microsoft.Network/networkInterfaces',variables('network_NIC_fg12_Name'))]",

    "compute_AvailabilitySet_FG_Name": "[concat(parameters('FortiGateName'),'-AvailabilitySet-',uniquestring(deployment().name))]",
    "compute_AvailabilitySet_FG_Id": "[resourceId('Microsoft.Compute/availabilitySets', variables('compute_AvailabilitySet_FG_Name'))]",

    "sn1IPArray": "[split(parameters('Subnet1Prefix'),'.')]",
    "sn1IPArray2ndString": "[string(variables('sn1IPArray')[3])]",
    "sn1IPArray2nd": "[split(variables('sn1IPArray2ndString'),'/')]",
    "sn1CIDRmask": "[string(int(variables('sn1IPArray2nd')[1]))]",
    "sn1IPArray3": "[string(add(int(variables('sn1IPArray2nd')[0]),1))]",
    "sn1IPArray2": "[string(int(variables('sn1IPArray')[2]))]",
    "sn1IPArray1": "[string(int(variables('sn1IPArray')[1]))]",
    "sn1IPArray0": "[string(int(variables('sn1IPArray')[0]))]",
    "sn1GatewayIP": "[concat(variables('sn1IPArray0'),'.',variables('sn1IPArray1'),'.',variables('sn1IPArray2'),'.',variables('sn1IPArray3'))]",

    "sn2IPArray": "[split(parameters('Subnet2Prefix'),'.')]",
    "sn2IPArray2ndString": "[string(variables('sn2IPArray')[3])]",
    "sn2IPArray2nd": "[split(variables('sn2IPArray2ndString'),'/')]",
    "sn2CIDRmask": "[string(int(variables('sn2IPArray2nd')[1]))]",
    "sn2IPArray3": "[string(add(int(variables('sn2IPArray2nd')[0]),1))]",
    "sn2IPArray2": "[string(int(variables('sn2IPArray')[2]))]",
    "sn2IPArray1": "[string(int(variables('sn2IPArray')[1]))]",
    "sn2IPArray0": "[string(int(variables('sn2IPArray')[0]))]",
    "sn2GatewayIP": "[concat(variables('sn2IPArray0'),'.',variables('sn2IPArray1'),'.',variables('sn2IPArray2'),'.',variables('sn2IPArray3'))]",

    "NSGName": "[concat(parameters('FortiGateName'),'-',uniqueString(resourceGroup().id),'-NSG')]",

    "updateIPURI": "[concat(parameters('ArtifactsBaseURI'),'/update-nic.json')]",
    "virtualNetworkSetupURL": "[concat(parameters('ArtifactsBaseURI'),'/vnetsetup.json')]"

  },
  "resources": [
    {
      "apiVersion": "2018-02-01",
      "name": "pid-2a6560c5-0fc6-5295-b5f9-8be8adfb41fe",
      "type": "Microsoft.Resources/deployments",
      "properties":{
       "mode": "Incremental",
       "template": {
         "$schema": "https://schema.management.azure.com/schemas/2015-01-01/deplymentTemplate.json#",
         "contentVersion": "1.0.0.0",
         "resources": []
       } 
      }
    },
    {
      "apiVersion": "2017-09-01",
      "tags": {
        "provider": "[toUpper(parameters('FortinetTags').provider)]"
      },
      "type": "Microsoft.Network/networkSecurityGroups",
      "name": "[variables('NSGName')]",
      "location": "[parameters('location')]",
      "properties": {
        "securityRules": [
          {
            "name": "AllowAllInbound",
            "properties": {
              "description": "Allow all in",
              "protocol": "*",
              "sourcePortRange": "*",
              "destinationPortRange": "*",
              "sourceAddressPrefix": "*",
              "destinationAddressPrefix": "*",
              "access": "Allow",
              "priority": 100,
              "direction": "Inbound"
            }
          },
          {
            "name": "AllowAllOutbound",
            "properties": {
              "description": "Allow all out",
              "protocol": "*",
              "sourcePortRange": "*",
              "destinationPortRange": "*",
              "sourceAddressPrefix": "*",
              "destinationAddressPrefix": "*",
              "access": "Allow",
              "priority": 105,
              "direction": "Outbound"
            }
          }
        ]
      }
    },
    {
      "type": "Microsoft.Compute/availabilitySets",
      "name": "[variables('compute_AvailabilitySet_FG_Name')]",
      "apiVersion": "2017-03-30",
      "tags": {
        "provider": "[toUpper(parameters('FortinetTags').provider)]"
      },
      "location": "[parameters('location')]",
      "properties": {
        "platformFaultDomainCount": 2,
        "platformUpdateDomainCount": 2
      },
      "sku": {
        "name": "Aligned"
      }
    },
    {
      "condition": "[equals(parameters('vnetNewOrExisting'), 'new')]",
      "type": "Microsoft.Network/virtualNetworks",
      "apiVersion": "2017-09-01",
      "name": "[parameters('vnetName')]",
      "location": "[parameters('location')]",
      "properties": {
        "addressSpace": {
          "addressPrefixes": [
            "[variables('vnetAddressPrefix')]"
          ]
        },
        "subnets": [
          {
            "name": "[parameters('Subnet1Name')]",
            "properties": {
              "addressPrefix": "[parameters('Subnet1Prefix')]"
            }
          },
          {
            "name": "[parameters('Subnet2Name')]",
            "properties": {
              "addressPrefix": "[parameters('Subnet2Prefix')]"
            }
          }
        ]
      }
    },
    {
      "condition": "[equals(parameters('publicIPNewOrExistingOrNone'), 'new')]",
      "type": "Microsoft.Network/publicIPAddresses",
      "apiVersion": "2017-09-01",
      "tags": {
        "provider": "[toUpper(parameters('FortinetTags').provider)]"
      },
      "name": "[parameters('publicIPAddressName')]",
      "location": "[parameters('location')]",
      "sku": 
      {
        "name": "[parameters('publicIPsku')]"
      },
      "properties": {
        "publicIPAllocationMethod": "[parameters('publicIPAllocationMethod')]"
      }
    },
    {
      "apiVersion": "2017-09-01",
      "tags": {
        "provider": "[toUpper(parameters('FortinetTags').provider)]"
      },
      "type": "Microsoft.Network/networkInterfaces",
      "name": "[variables('network_NIC_fg11_Name')]",
      "location": "[parameters('location')]",
      "dependsOn": [
        "[parameters('vnetName')]",
        "[variables('NSGName')]"
      ],
      "properties": {
        "ipConfigurations": [
          {
            "name": "ipconfig1",
            "properties": {
              "privateIPAllocationMethod": "Dynamic",
              "subnet": {
                "id": "[variables('subnet1Ref')]"
              }
            }
          }
        ],
        "enableIPForwarding": true,
        "networkSecurityGroup": {
          "id": "[resourceID('Microsoft.Network/networkSecurityGroups/',variables('NSGName'))]"
        }
      }
    },
    {
      "apiVersion": "2017-09-01",
      "tags": {
        "provider": "[toUpper(parameters('FortinetTags').provider)]"
      },
      "type": "Microsoft.Network/networkInterfaces",
      "name": "[variables('network_NIC_fg12_Name')]",
      "location": "[parameters('location')]",
      "dependsOn": [
        "[parameters('vnetName')]",
        "[variables('NSGName')]"
      ],
      "properties": {
        "ipConfigurations": [
          {
            "name": "ipconfig1",
            "properties": {
              "privateIPAllocationMethod": "Dynamic",
              "subnet": {
                "id": "[variables('subnet2Ref')]"
              }
            }
          }
        ],
        "enableIPForwarding": true,
        "networkSecurityGroup": {
          "id": "[resourceID('Microsoft.Network/networkSecurityGroups/',variables('NSGName'))]"
        }
      }
    },
    {
      "type": "Microsoft.Resources/deployments",
      "name": "UpdateNIC1",
      "apiVersion": "2018-02-01",
      "dependsOn": [
        "[variables('network_NIC_fg11_Name')]"
      ],
      "properties": {
        "mode": "Incremental",
        "templateLink": {
          "uri": "[variables('updateIPURI')]",
          "contentVersion": "1.0.0.0"
        },
        "parameters": {
          "nicName": {
            "value": "[variables('network_NIC_fg11_Name')]"
          },
          "SubnetRef": {
            "value": "[variables('subnet1Ref')]"
          },
          "privateIp": {
            "value": "[reference(concat('Microsoft.Network/networkInterfaces/', variables('network_NIC_fg11_Name'))).ipConfigurations[0].properties.privateIPAddress]"
          },
          "publicIPID": {
            "value": "[variables('publicIPID')]"
          },
          "publicIPNewOrExistingOrNone": {
            "value": "[parameters('publicIPNewOrExistingOrNone')]"
          },
          "location": {
            "value": "[parameters('location')]"
          },
          "FortinetTags": {
            "value": "[parameters('FortinetTags')]"
          },
          "NSGName": {
            "value": "[variables('NSGName')]"
          }
        }
      }
    },
    {
      "type": "Microsoft.Resources/deployments",
      "name": "UpdateNIC2",
      "apiVersion": "2018-02-01",
      "dependsOn": [
        "[variables('network_NIC_fg12_Name')]"
      ],
      "properties": {
        "mode": "Incremental",
        "templateLink": {
          "uri": "[variables('updateIPURI')]",
          "contentVersion": "1.0.0.0"
        },
        "parameters": {
          "nicName": {
            "value": "[variables('network_NIC_fg12_Name')]"
          },
          "SubnetRef": {
            "value": "[variables('subnet2Ref')]"
          },
          "privateIp": {
            "value": "[reference(concat('Microsoft.Network/networkInterfaces/', variables('network_NIC_fg12_Name'))).ipConfigurations[0].properties.privateIPAddress]"
          },
          "publicIPID": {
            "value": "[variables('publicIPID')]"
          },
          "publicIPNewOrExistingOrNone": {
            "value": "none"
          },
          "location": {
            "value": "[parameters('location')]"
          },
          "FortinetTags": {
            "value": "[parameters('FortinetTags')]"
          },
          "NSGName": {
            "value": "[variables('NSGName')]"
          }
        }
      }
    },
    {
      "name": "SettingUpVirtualNetwork",
      "type": "Microsoft.Resources/deployments",
      "apiVersion": "2018-02-01",
      "dependsOn": [
        "UpdateNIC1",
        "UpdateNIC2"
      ],
      "properties": {
        "mode": "Incremental",
        "templateLink": {
          "uri": "[variables('virtualNetworkSetupURL')]",
          "contentVersion": "1.0.0.0"
        },
        "parameters": {
          "vnetNewOrExisting": {
            "value": "[parameters('vnetNewOrExisting')]"
          },
          "vnetName": {
            "value": "[parameters('vnetName')]"
          },
          "location": {
            "value": "[parameters('location')]"
          },
          "vnetAddressPrefix": {
            "value": "[variables('vnetAddressPrefix')]"
          },
          "subnet1Name": {
            "value": "[parameters('Subnet1Name')]"
          },
          "subnet1AddressPrefix": {
            "value": "[parameters('Subnet1Prefix')]"
          },
          "subnet1NextHop": {
            "value": "[reference(concat('Microsoft.Network/networkInterfaces/', variables('network_NIC_fg11_Name'))).ipConfigurations[0].properties.privateIPAddress]"
          },
          "subnet2Name": {
            "value": "[parameters('Subnet2Name')]"
          },
          "subnet2AddressPrefix": {
            "value": "[parameters('Subnet2Prefix')]"
          },
          "subnet2NextHop": {
            "value": "[reference(concat('Microsoft.Network/networkInterfaces/', variables('network_NIC_fg12_Name'))).ipConfigurations[0].properties.privateIPAddress]"
          },
          "vnetResourceGroup": {
            "value": "[parameters('vnetResourceGroup')]"
          },
          "routeTable1Name": {
            "value": "[variables('routeTable1Name')]"
          },
          "routeTable2Name": {
            "value": "[variables('routeTable2Name')]"
          },
          "FortinetTags": {
            "value": "[parameters('FortinetTags')]"
          }
        }
      }
    },
    {
      "type": "Microsoft.Compute/virtualMachines",
      "name": "[parameters('FortiGateName')]",
      "apiVersion": "2017-03-30",
      "tags": {
        "provider": "[toUpper(parameters('FortinetTags').provider)]"
      },
      "location": "[parameters('location')]",
      "plan": {
        "name": "[parameters('FortiGateImageSKU')]",
        "publisher": "fortinet",
        "product": "fortinet_fortigate-vm_v5"
      },
      "dependsOn": [
        "SettingUpVirtualNetwork"
      ],
      "properties": {
        "hardwareProfile": {
          "vmSize": "[parameters('instanceType')]"
        },
        "availabilitySet": {
          "id": "[variables('compute_AvailabilitySet_FG_Id')]"
        },
        "osProfile": {
          "computerName": "[parameters('FortiGateName')]",
          "adminUsername": "[parameters('adminUsername')]",
          "adminPassword": "[parameters('adminPassword')]",
          "customData": "[base64(concat('config router static\n edit 1\n set gateway ', variables('sn1GatewayIP'), '\n set device port1\n next\n edit 2\n set dst ', variables('vnetAddressPrefix'), '\n set gateway ', variables('sn2GatewayIP'), '\n set device port2\n next\n edit 3\nset dst 168.63.129.16 255.255.255.255\nset device port2\n set gateway ', variables ('sn2GatewayIP'), '\n next\nedit 4\nset dst 168.63.129.16 255.255.255.255\nset device port1\n set gateway ', variables ('sn1GatewayIP'), '\n next\n end\n config system interface\n edit port1\n set mode static\n set ip ', reference(concat('Microsoft.Network/networkInterfaces/', variables('network_NIC_fg11_Name'))).ipConfigurations[0].properties.privateIPAddress, '/', variables('sn1CIDRmask'), '\n set description external\n next\n edit port2\n set mode static\n set ip ', reference(concat('Microsoft.Network/networkInterfaces/', variables('network_NIC_fg12_Name'))).ipConfigurations[0].properties.privateIPAddress, '/', variables('sn2CIDRmask'), '\n set description internal\n  set allowaccess ping\n next\n end\n config sys admin\n edit admin\n set password ', parameters('adminPassword'), '\n next\n end\n'))]"
        },
        "storageProfile": {
          "imageReference": {
            "publisher": "fortinet",
            "offer": "fortinet_fortigate-vm_v5",
            "sku": "[parameters('FortiGateImageSKU')]",
            "version": "[parameters('FortiGateImageVersion')]"
          },
          "osDisk": {
            "createOption": "FromImage"
          },
          "dataDisks": [
            {
              "diskSizeGB": 30,
              "lun": 0,
              "createOption": "Empty"
            }
          ]
        },
        "networkProfile": {
          "networkInterfaces": [
            {
              "properties": {
                "primary": true
              },
              "id": "[variables('network_NIC_fg11_Id')]"
            },
            {
              "properties": {
                "primary": false
              },
              "id": "[variables('network_NIC_fg12_Id')]"
            }
          ]
        }
      }
    }
  ]
  }
